{"cameraMode":{"drawMode":0,"name":"Shaded","section":"Shading Mode"},"sceneLighting":false,"audioPlay":false,"sceneViewState":{"m_AlwaysRefresh":false,"showFog":true,"showSkybox":false,"showFlares":true,"showImageEffects":true,"showParticleSystems":true,"showVisualEffectGraphs":true,"m_FxEnabled":false},"in2DMode":false,"pivot":{"x":39.84286880493164,"y":3.6421797275543215,"z":6.083465099334717},"rotation":{"x":-0.08570384234189987,"y":-0.013856877572834492,"z":0.0011509230826050044,"w":-0.9963164925575256},"size":12.989102363586426,"orthographic":false}