{"cameraMode":{"drawMode":0,"name":"Shaded","section":"Shading Mode"},"sceneLighting":true,"audioPlay":false,"sceneViewState":{"m_AlwaysRefresh":false,"showFog":true,"showSkybox":false,"showFlares":true,"showImageEffects":true,"showParticleSystems":true,"showVisualEffectGraphs":true,"m_FxEnabled":false},"in2DMode":false,"pivot":{"x":40.34284210205078,"y":40.747703552246097,"z":7.873220443725586},"rotation":{"x":-0.006798091810196638,"y":0.9925243854522705,"z":-0.10299330204725266,"w":-0.06562303006649018},"size":65.42052459716797,"orthographic":false}